index	char	legacy_char
0	가	가
1	각	각
2	간	간
3	갇	갇
4	갈	갈
5	감	감
6	갑	갑
7	값	값
8	갓	갓
9	갔	갔
10	강	강
11	갖	갖
12	같	같
13	갚	갚
14	갛	갛
15	개	개
16	객	객
17	갠	갠
18	갤	갤
19	갬	갬
20	갭	갭
21	갯	갯
22	갰	갰
23	갱	갱
24	갸	갸
25	갹	갹
26	갼	갼
27	걀	걀
28	걍	걍
29	거	거
30	걱	걱
31	건	건
32	걷	걷
33	걸	걸
34	검	검
35	겁	겁
36	것	것
37	겄	겄
38	겅	겅
39	겉	겉
40	겊	겊
41	겋	겋
42	게	게
43	겐	겐
44	겔	겔
45	겜	겜
46	겝	겝
47	겟	겟
48	겠	겠
49	겡	겡
50	겨	겨
51	격	격
52	겪	겪
53	견	견
54	결	결
55	겸	겸
56	겹	겹
57	겻	겻
58	겼	겼
59	경	경
60	곁	곁
61	계	계
62	곈	곈
63	곌	곌
64	고	고
65	곡	곡
66	곤	곤
67	곧	곧
68	골	골
69	곰	곰
70	곱	곱
71	곳	곳
72	공	공
73	과	과
74	곽	곽
75	관	관
76	괄	괄
77	괌	괌
78	광	광
79	괘	괘
80	괜	괜
81	괴	괴
82	괵	괵
83	괸	괸
84	괼	괼
85	굄	굄
86	굉	굉
87	교	교
88	굔	굔
89	굘	굘
90	구	구
91	국	국
92	군	군
93	굳	굳
94	굴	굴
95	굼	굼
96	굽	굽
97	굿	굿
98	궁	궁
99	궂	궂
100	궈	궈
101	권	권
102	궐	궐
103	궝	궝
104	궤	궤
105	귀	귀
106	귄	귄
107	귈	귈
108	규	규
109	균	균
110	귤	귤
111	그	그
112	극	극
113	근	근
114	글	글
115	긁	긁
116	금	금
117	급	급
118	긋	긋
119	긍	긍
120	긔	긔
121	기	기
122	긱	긱
123	긴	긴
124	긷	긷
125	길	길
126	김	김
127	깁	깁
128	깃	깃
129	깅	깅
130	깆	깆
131	깊	깊
132	까	까
133	깍	깍
134	깎	깎
135	깐	깐
136	깔	깔
137	깜	깜
138	깝	깝
139	깠	깠
140	깡	깡
141	깥	깥
142	깨	깨
143	깬	깬
144	깼	깼
145	꺄	꺄
146	꺼	꺼
147	꺽	꺽
148	꺾	꺾
149	껀	껀
150	껄	껄
151	껌	껌
152	껍	껍
153	껏	껏
154	껑	껑
155	께	께
156	껜	껜
157	껴	껴
158	껸	껸
159	꼈	꼈
160	꼬	꼬
161	꼭	꼭
162	꼰	꼰
163	꼴	꼴
164	꼼	꼼
165	꼽	꼽
166	꽁	꽁
167	꽂	꽂
168	꽃	꽃
169	꽈	꽈
170	꽉	꽉
171	꽝	꽝
172	꽤	꽤
173	꾀	꾀
174	꾜	꾜
175	꾸	꾸
176	꾼	꾼
177	꿀	꿀
178	꿇	꿇
179	꿈	꿈
180	꿉	꿉
181	꿔	꿔
182	꿰	꿰
183	뀌	뀌
184	뀐	뀐
185	뀔	뀔
186	뀝	뀝
187	끄	끄
188	끅	끅
189	끈	끈
190	끊	끊
191	끌	끌
192	끓	끓
193	끔	끔
194	끗	끗
195	끙	끙
196	끝	끝
197	끼	끼
198	끽	끽
199	낀	낀
200	낄	낄
201	낌	낌
202	낑	낑
203	나	나
204	낙	낙
205	낚	낚
206	난	난
207	낟	낟
208	날	날
209	낡	낡
210	남	남
211	납	납
212	낫	낫
213	났	났
214	낭	낭
215	낮	낮
216	낯	낯
217	낱	낱
218	낳	낳
219	내	내
220	낵	낵
221	낸	낸
222	낼	낼
223	냄	냄
224	냅	냅
225	냈	냈
226	냉	냉
227	냐	냐
228	냑	냑
229	냔	냔
230	냘	냘
231	냠	냠
232	냥	냥
233	너	너
234	넉	넉
235	넋	넋
236	넌	넌
237	널	널
238	넓	넓
239	넘	넘
240	넙	넙
241	넛	넛
242	넜	넜
243	넝	넝
244	넣	넣
245	네	네
246	넥	넥
247	넨	넨
248	넬	넬
249	넴	넴
250	넵	넵
251	넷	넷
252	넸	넸
253	넹	넹
254	녀	녀
255	녁	녁
256	년	년
257	녈	녈
258	념	념
259	녑	녑
260	녔	녔
261	녕	녕
262	녜	녜
263	녠	녠
264	노	노
265	녹	녹
266	논	논
267	놀	놀
268	놈	놈
269	놉	놉
270	놋	놋
271	농	농
272	높	높
273	놓	놓
274	놔	놔
275	놘	놘
276	놜	놜
277	놨	놨
278	뇌	뇌
279	뇐	뇐
280	뇔	뇔
281	뇨	뇨
282	뇬	뇬
283	뇰	뇰
284	뇽	뇽
285	누	누
286	눅	눅
287	눈	눈
288	눌	눌
289	눔	눔
290	눕	눕
291	눗	눗
292	눙	눙
293	눠	눠
294	뉘	뉘
295	뉜	뉜
296	뉴	뉴
297	느	느
298	늑	늑
299	는	는
300	늘	늘
301	늠	늠
302	늡	늡
303	늣	늣
304	능	능
305	늦	늦
306	늪	늪
307	늬	늬
308	늰	늰
309	늴	늴
310	니	니
311	닉	닉
312	닌	닌
313	닐	닐
314	님	님
315	닙	닙
316	닛	닛
317	닝	닝
318	닢	닢
319	다	다
320	닥	닥
321	닦	닦
322	단	단
323	닫	닫
324	달	달
325	닭	닭
326	닮	닮
327	담	담
328	답	답
329	닷	닷
330	닸	닸
331	당	당
332	닿	닿
333	대	대
334	댁	댁
335	댄	댄
336	댈	댈
337	댐	댐
338	댑	댑
339	댔	댔
340	댕	댕
341	댜	댜
342	더	더
343	덕	덕
344	던	던
345	덜	덜
346	덤	덤
347	덥	덥
348	덧	덧
349	덩	덩
350	덮	덮
351	데	데
352	덱	덱
353	덴	덴
354	델	델
355	뎀	뎀
356	뎁	뎁
357	뎃	뎃
358	뎄	뎄
359	뎅	뎅
360	뎌	뎌
361	뎐	뎐
362	뎔	뎔
363	뎠	뎠
364	뎡	뎡
365	뎨	뎨
366	뎬	뎬
367	도	도
368	독	독
369	돈	돈
370	돋	돋
371	돌	돌
372	돔	돔
373	돕	돕
374	돗	돗
375	동	동
376	돠	돠
377	돤	돤
378	돨	돨
379	돼	돼
380	됐	됐
381	되	되
382	된	된
383	될	될
384	됩	됩
385	됴	됴
386	두	두
387	둑	둑
388	둔	둔
389	둘	둘
390	둠	둠
391	둡	둡
392	둣	둣
393	둥	둥
394	둬	둬
395	뒀	뒀
396	뒤	뒤
397	뒨	뒨
398	뒷	뒷
399	듀	듀
400	듄	듄
401	드	드
402	득	득
403	든	든
404	듣	듣
405	들	들
406	듬	듬
407	듭	듭
408	듯	듯
409	등	등
410	듸	듸
411	디	디
412	딕	딕
413	딘	딘
414	딜	딜
415	딤	딤
416	딥	딥
417	딧	딧
418	딨	딨
419	딩	딩
420	딪	딪
421	따	따
422	딱	딱
423	딴	딴
424	딸	딸
425	땀	땀
426	땅	땅
427	때	때
428	땐	땐
429	땠	땠
430	땡	땡
431	떠	떠
432	떡	떡
433	떤	떤
434	떨	떨
435	떴	떴
436	떵	떵
437	떻	떻
438	떼	떼
439	뗀	뗀
440	뗘	뗘
441	또	또
442	똑	똑
443	똔	똔
444	똘	똘
445	똥	똥
446	똬	똬
447	뙤	뙤
448	뚜	뚜
449	뚝	뚝
450	뚠	뚠
451	뚤	뚤
452	뚫	뚫
453	뚱	뚱
454	뛰	뛰
455	뛸	뛸
456	뜨	뜨
457	뜩	뜩
458	뜬	뜬
459	뜯	뜯
460	뜰	뜰
461	뜻	뜻
462	띄	띄
463	띠	띠
464	띤	띤
465	띨	띨
466	띰	띰
467	띵	띵
468	라	라
469	락	락
470	란	란
471	랄	랄
472	람	람
473	랍	랍
474	랏	랏
475	랐	랐
476	랑	랑
477	랖	랖
478	랗	랗
479	래	래
480	랙	랙
481	랜	랜
482	랠	랠
483	램	램
484	랩	랩
485	랫	랫
486	랬	랬
487	랭	랭
488	랴	랴
489	략	략
490	랸	랸
491	량	량
492	러	러
493	럭	럭
494	런	런
495	럴	럴
496	럼	럼
497	럽	럽
498	럿	럿
499	렀	렀
500	렁	렁
501	렇	렇
502	레	레
503	렉	렉
504	렌	렌
505	렐	렐
506	렘	렘
507	렙	렙
508	렛	렛
509	렝	렝
510	려	려
511	력	력
512	련	련
513	렬	렬
514	렴	렴
515	렵	렵
516	렸	렸
517	령	령
518	례	례
519	롄	롄
520	로	로
521	록	록
522	론	론
523	롤	롤
524	롬	롬
525	롭	롭
526	롯	롯
527	롱	롱
528	롸	롸
529	롼	롼
530	뢍	뢍
531	뢰	뢰
532	뢴	뢴
533	뢸	뢸
534	룅	룅
535	료	료
536	룐	룐
537	룔	룔
538	룡	룡
539	루	루
540	룩	룩
541	룬	룬
542	룰	룰
543	룸	룸
544	룹	룹
545	룻	룻
546	룽	룽
547	뤄	뤄
548	뤘	뤘
549	뤼	뤼
550	륀	륀
551	류	류
552	륜	륜
553	률	률
554	륭	륭
555	르	르
556	륵	륵
557	른	른
558	를	를
559	름	름
560	릅	릅
561	릇	릇
562	릉	릉
563	릎	릎
564	리	리
565	릭	릭
566	린	린
567	릴	릴
568	림	림
569	립	립
570	릿	릿
571	링	링
572	마	마
573	막	막
574	만	만
575	많	많
576	말	말
577	맑	맑
578	맘	맘
579	맙	맙
580	맛	맛
581	망	망
582	맞	맞
583	맡	맡
584	맣	맣
585	매	매
586	맥	맥
587	맨	맨
588	맬	맬
589	맴	맴
590	맵	맵
591	맷	맷
592	맸	맸
593	맹	맹
594	맺	맺
595	먀	먀
596	댓	먁
597	먈	먈
598	먕	먕
599	머	머
600	먹	먹
601	먼	먼
602	멀	멀
603	멈	멈
604	멉	멉
605	멋	멋
606	멍	멍
607	메	메
608	멕	멕
609	멘	멘
610	멜	멜
611	멤	멤
612	멥	멥
613	멧	멧
614	멨	멨
615	멩	멩
616	며	며
617	멱	멱
618	면	면
619	멸	멸
620	몄	몄
621	명	명
622	몇	몇
623	몌	몌
624	모	모
625	목	목
626	몫	몫
627	몬	몬
628	몰	몰
629	몸	몸
630	몹	몹
631	못	못
632	몽	몽
633	뫄	뫄
634	뫈	뫈
635	뫙	뫙
636	뫼	뫼
637	묀	묀
638	묄	묄
639	묘	묘
640	묜	묜
641	묠	묠
642	무	무
643	묵	묵
644	묶	묶
645	문	문
646	묻	묻
647	물	물
648	묽	묽
649	뭄	뭄
650	뭅	뭅
651	뭇	뭇
652	뭉	뭉
653	뭐	뭐
654	뭔	뭔
655	뭘	뭘
656	뭣	뭣
657	뮈	뮈
658	뮌	뮌
659	뮤	뮤
660	므	므
661	믄	믄
662	믈	믈
663	믐	믐
664	믓	믓
665	미	미
666	믹	믹
667	민	민
668	믿	믿
669	밀	밀
670	밈	밈
671	밉	밉
672	밋	밋
673	밌	밌
674	밍	밍
675	및	및
676	밑	밑
677	바	바
678	박	박
679	밖	밖
680	반	반
681	받	받
682	발	발
683	밝	밝
684	밟	밟
685	밤	밤
686	밥	밥
687	밧	밧
688	방	방
689	밭	밭
690	배	배
691	백	백
692	밴	밴
693	밸	밸
694	뱀	뱀
695	뱃	뱃
696	뱅	뱅
697	뱉	뱉
698	뱌	뱌
699	뱐	뱐
700	버	버
701	벅	벅
702	번	번
703	벌	벌
704	범	범
705	법	법
706	벗	벗
707	벙	벙
708	베	베
709	벡	벡
710	벤	벤
711	벨	벨
712	벰	벰
713	벳	벳
714	벴	벴
715	벵	벵
716	벼	벼
717	벽	벽
718	변	변
719	별	별
720	볍	볍
721	병	병
722	볕	볕
723	볘	볘
724	보	보
725	복	복
726	본	본
727	볼	볼
728	봄	봄
729	봅	봅
730	봇	봇
731	봉	봉
732	봐	봐
733	봔	봔
734	봤	봤
735	봬	봬
736	뵈	뵈
737	뵌	뵌
738	뵐	뵐
739	뵙	뵙
740	뵤	뵤
741	뵨	뵨
742	부	부
743	북	북
744	분	분
745	불	불
746	붉	붉
747	붐	붐
748	붓	붓
749	붕	붕
750	붙	붙
751	붜	붜
752	뷔	뷔
753	뷰	뷰
754	브	브
755	븍	븍
756	븐	븐
757	블	블
758	븜	븜
759	븝	븝
760	븟	븟
761	비	비
762	빅	빅
763	빈	빈
764	빌	빌
765	빔	빔
766	빕	빕
767	빗	빗
768	빙	빙
769	빚	빚
770	빛	빛
771	빠	빠
772	빡	빡
773	빤	빤
774	빨	빨
775	빴	빴
776	빵	빵
777	빼	빼
778	뺨	뺨
779	뻐	뻐
780	뻑	뻑
781	뻔	뻔
782	뻗	뻗
783	뻥	뻥
784	뻬	뻬
785	뼈	뼈
786	뼛	뼛
787	뽀	뽀
788	멎	뽄
789	뾰	뾰
790	뿌	뿌
791	뿍	뿍
792	뿐	뿐
793	뿔	뿔
794	뿜	뿜
795	쁘	쁘
796	쁜	쁜
797	쁠	쁠
798	쁨	쁨
799	쁩	쁩
800	삐	삐
801	삔	삔
802	삘	삘
803	사	사
804	삭	삭
805	산	산
806	삳	삳
807	살	살
808	삶	삶
809	삼	삼
810	삽	삽
811	삿	삿
812	샀	샀
813	상	상
814	샅	샅
815	새	새
816	색	색
817	샌	샌
818	샐	샐
819	샘	샘
820	샙	샙
821	샜	샜
822	생	생
823	샤	샤
824	샥	샥
825	샨	샨
826	샬	샬
827	샴	샴
828	샹	샹
829	섀	섀
830	서	서
831	석	석
832	섞	섞
833	선	선
834	섣	섣
835	설	설
836	섬	섬
837	섭	섭
838	섯	섯
839	섰	섰
840	성	성
841	세	세
842	섹	섹
843	센	센
844	셀	셀
845	셈	셈
846	셉	셉
847	셋	셋
848	셌	셌
849	셍	셍
850	셔	셔
851	셕	셕
852	션	션
853	셜	셜
854	셤	셤
855	뽑	셥
856	셨	셨
857	셩	셩
858	셰	셰
859	셴	셴
860	셸	셸
861	소	소
862	속	속
863	손	손
864	솔	솔
865	솜	솜
866	솝	솝
867	솟	솟
868	송	송
869	솨	솨
870	솩	솩
871	솬	솬
872	솰	솰
873	솽	솽
874	쇄	쇄
875	쇠	쇠
876	쇤	쇤
877	쇨	쇨
878	쇼	쇼
879	숀	숀
880	숄	숄
881	숍	숍
882	숑	숑
883	수	수
884	숙	숙
885	순	순
886	술	술
887	숨	숨
888	숩	숩
889	숫	숫
890	숭	숭
891	숯	숯
892	숲	숲
893	숴	숴
894	쉬	쉬
895	쉰	쉰
896	쉴	쉴
897	쉽	쉽
898	쉿	쉿
899	슈	슈
900	슐	슐
901	스	스
902	슥	슥
903	슨	슨
904	슬	슬
905	슴	슴
906	습	습
907	슷	슷
908	승	승
909	시	시
910	식	식
911	신	신
912	실	실
913	싫	싫
914	심	심
915	십	십
916	싯	싯
917	싱	싱
918	싶	싶
919	싸	싸
920	싹	싹
921	싼	싼
922	쌀	쌀
923	쏟	쌈
924	쌍	쌍
925	쌓	쌓
926	쌔	쌔
927	써	써
928	썩	썩
929	썬	썬
930	썰	썰
931	썼	썼
932	썽	썽
933	쎄	쎄
934	쏘	쏘
935	쏜	쏜
936	쾅	쏠
937	쏴	쏴
938	쑤	쑤
939	쑥	쑥
940	쑨	쑨
941	쓰	쓰
942	쓴	쓴
943	쓸	쓸
944	씀	씀
945	씁	씁
946	씌	씌
947	씨	씨
948	씩	씩
949	씬	씬
950	씰	씰
951	씸	씸
952	씹	씹
953	씻	씻
954	씽	씽
955	아	아
956	악	악
957	안	안
958	앉	앉
959	않	않
960	알	알
961	암	암
962	압	압
963	앗	앗
964	았	았
965	앙	앙
966	앞	앞
967	애	애
968	액	액
969	앤	앤
970	앨	앨
971	앰	앰
972	앱	앱
973	앴	앴
974	앵	앵
975	야	야
976	약	약
977	얀	얀
978	얄	얄
979	얌	얌
980	얍	얍
981	얏	얏
982	양	양
983	얕	얕
984	얘	얘
985	어	어
986	억	억
987	언	언
988	얹	얹
989	얻	얻
990	얼	얼
991	얽	얽
992	엄	엄
993	업	업
994	없	없
995	엇	엇
996	었	었
997	엉	엉
998	엊	엊
999	엎	엎
1000	에	에
1001	엑	엑
1002	엔	엔
1003	엘	엘
1004	엠	엠
1005	엡	엡
1006	엣	엣
1007	엥	엥
1008	여	여
1009	역	역
1010	연	연
1011	열	열
1012	염	염
1013	엽	엽
1014	엾	엾
1015	엿	엿
1016	였	였
1017	영	영
1018	옆	옆
1019	옇	옇
1020	예	예
1021	옌	옌
1022	옐	옐
1023	옘	옘
1024	옛	옛
1025	오	오
1026	옥	옥
1027	온	온
1028	올	올
1029	옮	옮
1030	옳	옳
1031	옴	옴
1032	옵	옵
1033	옷	옷
1034	옹	옹
1035	와	와
1036	왁	왁
1037	완	완
1038	왈	왈
1039	왐	왐
1040	왑	왑
1041	왓	왓
1042	왔	왔
1043	왕	왕
1044	왜	왜
1045	왠	왠
1046	외	외
1047	왹	왹
1048	왼	왼
1049	욀	욀
1050	욈	욈
1051	욍	욍
1052	요	요
1053	욕	욕
1054	욘	욘
1055	욜	욜
1056	욤	욤
1057	용	용
1058	우	우
1059	욱	욱
1060	운	운
1061	울	울
1062	움	움
1063	웁	웁
1064	웃	웃
1065	웅	웅
1066	워	워
1067	원	원
1068	월	월
1069	웜	웜
1070	웠	웠
1071	웨	웨
1072	웬	웬
1073	위	위
1074	윅	윅
1075	윈	윈
1076	윌	윌
1077	윔	윔
1078	윙	윙
1079	유	유
1080	육	육
1081	윤	윤
1082	율	율
1083	융	융
1084	으	으
1085	윽	윽
1086	은	은
1087	을	을
1088	음	음
1089	읍	읍
1090	읏	읏
1091	응	응
1092	읒	읒
1093	읕	읕
1094	읖	읖
1095	의	의
1096	읜	읜
1097	읠	읠
1098	읨	읨
1099	읫	읫
1100	이	이
1101	익	익
1102	인	인
1103	일	일
1104	읽	읽
1105	잃	잃
1106	임	임
1107	입	입
1108	잇	잇
1109	있	있
1110	잉	잉
1111	잊	잊
1112	잎	잎
1113	자	자
1114	작	작
1115	잔	잔
1116	잖	잖
1117	잘	잘
1118	잠	잠
1119	잡	잡
1120	잣	잣
1121	잤	잤
1122	장	장
1123	재	재
1124	잭	잭
1125	잰	잰
1126	잴	잴
1127	잼	잼
1128	잽	잽
1129	쟀	쟀
1130	쟁	쟁
1131	쟈	쟈
1132	쟉	쟉
1133	쟌	쟌
1134	쟐	쟐
1135	쟘	쟘
1136	쟝	쟝
1137	저	저
1138	적	적
1139	전	전
1140	절	절
1141	젊	젊
1142	점	점
1143	접	접
1144	젓	젓
1145	정	정
1146	젖	젖
1147	제	제
1148	젝	젝
1149	젠	젠
1150	젤	젤
1151	젬	젬
1152	젭	젭
1153	젯	젯
1154	젱	젱
1155	져	져
1156	젼	젼
1157	졀	졀
1158	졈	졈
1159	졉	졉
1160	졌	졌
1161	졍	졍
1162	졔	졔
1163	조	조
1164	족	족
1165	존	존
1166	졸	졸
1167	좀	좀
1168	좁	좁
1169	좃	좃
1170	종	종
1171	좋	좋
1172	좌	좌
1173	좍	좍
1174	좔	좔
1175	좡	좡
1176	좨	좨
1177	죄	죄
1178	죈	죈
1179	죌	죌
1180	죗	죗
1181	죙	죙
1182	죠	죠
1183	죤	죤
1184	죵	죵
1185	주	주
1186	죽	죽
1187	준	준
1188	줄	줄
1189	줌	줌
1190	줍	줍
1191	줏	줏
1192	중	중
1193	줘	줘
1194	줬	줬
1195	쥐	쥐
1196	쥔	쥔
1197	쥘	쥘
1198	쥬	쥬
1199	쥰	쥰
1200	즈	즈
1201	즉	즉
1202	즌	즌
1203	즐	즐
1204	즘	즘
1205	즙	즙
1206	즛	즛
1207	증	증
1208	지	지
1209	직	직
1210	진	진
1211	질	질
1212	짊	짊
1213	짐	짐
1214	집	집
1215	짓	짓
1216	징	징
1217	짙	짙
1218	짚	짚
1219	짜	짜
1220	짝	짝
1221	짠	짠
1222	짤	짤
1223	짧	짧
1224	짱	짱
1225	째	째
1226	쨌	쨌
1227	쨩	쨩
1228	쩌	쩌
1229	쩍	쩍
1230	쩐	쩐
1231	쩔	쩔
1232	쩡	쩡
1233	쩨	쩨
1234	쪄	쪄
1235	쪼	쪼
1236	쪽	쪽
1237	쫓	쫓
1238	쬐	쬐
1239	쭈	쭈
1240	쭉	쭉
1241	쯔	쯔
1242	쯤	쯤
1243	쯧	쯧
1244	찌	찌
1245	찍	찍
1246	찐	찐
1247	찔	찔
1248	찜	찜
1249	차	차
1250	착	착
1251	찬	찬
1252	찮	찮
1253	찰	찰
1254	참	참
1255	찹	찹
1256	찻	찻
1257	찼	찼
1258	창	창
1259	찾	찾
1260	채	채
1261	책	책
1262	챈	챈
1263	챌	챌
1264	챘	챘
1265	챙	챙
1266	챠	챠
1267	처	처
1268	척	척
1269	천	천
1270	철	철
1271	첨	첨
1272	첩	첩
1273	첫	첫
1274	첬	첬
1275	청	청
1276	체	체
1277	첸	첸
1278	첼	첼
1279	쳇	쳇
1280	쳉	쳉
1281	쳐	쳐
1282	쳔	쳔
1283	쳤	쳤
1284	쳬	쳬
1285	초	초
1286	촉	촉
1287	촌	촌
1288	촐	촐
1289	촘	촘
1290	촙	촙
1291	총	총
1292	촤	촤
1293	촬	촬
1294	최	최
1295	쵸	쵸
1296	추	추
1297	축	축
1298	춘	춘
1299	출	출
1300	춤	춤
1301	충	충
1302	춰	춰
1303	췄	췄
1304	취	취
1305	츄	츄
1306	츠	츠
1307	측	측
1308	츤	츤
1309	츨	츨
1310	츰	츰
1311	층	층
1312	치	치
1313	칙	칙
1314	친	친
1315	칠	칠
1316	침	침
1317	칩	칩
1318	칫	칫
1319	칭	칭
1320	카	카
1321	칵	칵
1322	칸	칸
1323	칼	칼
1324	캄	캄
1325	캅	캅
1326	캉	캉
1327	캐	캐
1328	캔	캔
1329	캘	캘
1330	캡	캡
1331	캣	캣
1332	캬	캬
1333	커	커
1334	컥	컥
1335	컨	컨
1336	컬	컬
1337	컴	컴
1338	컵	컵
1339	컷	컷
1340	컹	컹
1341	케	케
1342	켄	켄
1343	켈	켈
1344	켓	켓
1345	켕	켕
1346	켜	켜
1347	켠	켠
1348	큠	켤
1349	켰	켰
1350	켸	켸
1351	코	코
1352	콕	콕
1353	콘	콘
1354	콜	콜
1355	콤	콤
1356	콩	콩
1357	콰	콰
1358	쾌	쾌
1359	쾨	쾨
1360	쿄	쿄
1361	쿠	쿠
1362	쿡	쿡
1363	쿤	쿤
1364	쿨	쿨
1365	쿵	쿵
1366	쿼	쿼
1367	퀄	퀄
1368	퀘	퀘
1369	퀴	퀴
1370	퀸	퀸
1371	큐	큐
1372	크	크
1373	큭	큭
1374	큰	큰
1375	클	클
1376	큼	큼
1377	큽	큽
1378	킁	킁
1379	키	키
1380	킥	킥
1381	킨	킨
1382	킬	킬
1383	킴	킴
1384	킵	킵
1385	킷	킷
1386	킹	킹
1387	타	타
1388	탁	탁
1389	탄	탄
1390	탈	탈
1391	탐	탐
1392	탑	탑
1393	탓	탓
1394	탔	탔
1395	탕	탕
1396	태	태
1397	택	택
1398	탠	탠
1399	탤	탤
1400	탭	탭
1401	탱	탱
1402	탸	탸
1403	터	터
1404	턱	턱
1405	턴	턴
1406	털	털
1407	텀	텀
1408	텄	텄
1409	텅	텅
1410	테	테
1411	텍	텍
1412	텐	텐
1413	텔	텔
1414	템	템
1415	텝	텝
1416	텟	텟
1417	텡	텡
1418	텨	텨
1419	텬	텬
1420	톄	톄
1421	토	토
1422	톡	톡
1423	톤	톤
1424	톨	톨
1425	톰	톰
1426	톱	톱
1427	통	통
1428	톼	톼
1429	퇀	퇀
1430	퇴	퇴
1431	툐	툐
1432	투	투
1433	툭	툭
1434	툰	툰
1435	툴	툴
1436	툼	툼
1437	퉁	퉁
1438	퉈	퉈
1439	튀	튀
1440	튕	튕
1441	튜	튜
1442	튠	튠
1443	트	트
1444	특	특
1445	튼	튼
1446	틀	틀
1447	틈	틈
1448	틉	틉
1449	틔	틔
1450	틘	틘
1451	티	티
1452	틱	틱
1453	틴	틴
1454	틸	틸
1455	팀	팀
1456	팁	팁
1457	팃	팃
1458	팅	팅
1459	파	파
1460	팍	팍
1461	판	판
1462	팔	팔
1463	팜	팜
1464	팝	팝
1465	팠	팠
1466	팡	팡
1467	패	패
1468	팩	팩
1469	팬	팬
1470	팰	팰
1471	팽	팽
1472	퍄	퍄
1473	퍼	퍼
1474	퍽	퍽
1475	펀	펀
1476	펄	펄
1477	펌	펌
1478	펑	펑
1479	페	페
1480	펙	펙
1481	펜	펜
1482	펠	펠
1483	펫	펫
1484	펭	펭
1485	펴	펴
1486	편	편
1487	펼	펼
1488	평	평
1489	폐	폐
1490	포	포
1491	폭	폭
1492	폰	폰
1493	폴	폴
1494	폼	폼
1495	퐁	퐁
1496	퐈	퐈
1497	푀	푀
1498	표	표
1499	푸	푸
1500	푹	푹
1501	푼	푼
1502	풀	풀
1503	품	품
1504	풋	풋
1505	풍	풍
1506	풔	풔
1507	핏	퓌
1508	퓨	퓨
1509	프	프
1510	픈	픈
1511	플	플
1512	픔	픔
1513	픕	픕
1514	피	피
1515	픽	픽
1516	핀	핀
1517	필	필
1518	핌	핌
1519	핑	핑
1520	하	하
1521	학	학
1522	한	한
1523	할	할
1524	함	함
1525	합	합
1526	핫	핫
1527	항	항
1528	해	해
1529	핵	핵
1530	핸	핸
1531	핼	핼
1532	햄	햄
1533	햇	햇
1534	했	했
1535	행	행
1536	햐	햐
1537	향	향
1538	허	허
1539	헉	헉
1540	헌	헌
1541	헐	헐
1542	험	험
1543	헙	헙
1544	헛	헛
1545	헝	헝
1546	헤	헤
1547	헥	헥
1548	헨	헨
1549	헬	헬
1550	헴	헴
1551	헵	헵
1552	헷	헷
1553	헹	헹
1554	혀	혀
1555	혁	혁
1556	현	현
1557	혈	혈
1558	혐	혐
1559	협	협
1560	혔	혔
1561	형	형
1562	혜	혜
1563	혠	혠
1564	호	호
1565	혹	혹
1566	혼	혼
1567	홀	홀
1568	홈	홈
1569	홉	홉
1570	홋	홋
1571	홍	홍
1572	화	화
1573	확	확
1574	환	환
1575	활	활
1576	황	황
1577	홰	홰
1578	회	회
1579	획	획
1580	횐	횐
1581	횔	횔
1582	횟	횟
1583	횡	횡
1584	효	효
1585	횬	횬
1586	횰	횰
1587	후	후
1588	훅	훅
1589	훈	훈
1590	훌	훌
1591	훔	훔
1592	훗	훗
1593	훙	훙
1594	훠	훠
1595	훤	훤
1596	훨	훨
1597	휘	휘
1598	휙	휙
1599	휜	휜
1600	휩	휩
1601	휴	휴
1602	흉	흉
1603	흐	흐
1604	흑	흑
1605	흔	흔
1606	흘	흘
1607	흙	흙
1608	흠	흠
1609	흡	흡
1610	흣	흣
1611	흥	흥
1612	흩	흩
1613	희	희
1614	흰	흰
1615	흴	흴
1616	힁	힁
1617	히	히
1618	힉	힉
1619	힌	힌
1620	힐	힐
1621	힘	힘
1622	힙	힙
1623	힛	힛
1624	힝	힝
